{"_wandb":{"runtime":386},"0/Averaged test accuracy":79.8800799467022,"_timestamp":1.743142358022336e+09,"_runtime":386.966066312,"_step":1501}