{"_wandb": {"runtime": 3238}, "trial": 0, "pos_similarity_threshold": 0.7257569609686123, "neg_similarity_threshold": 0.6453270436810705, "pos_shot_capacity": 8, "pos_alpha": 1.5983497042703816, "pos_beta": 9.422846327730564, "neg_shot_capacity": 6, "neg_alpha": 0.6891359890475832, "neg_beta": 1.4219231874825973, "entropy_lower": 0.3576816672559992, "entropy_upper": 0.7150811893246641, "mask_lower": 0.025006532058728083, "mask_upper": 0.48890464790976673, "accuracy": 58.93325561060915, "_timestamp": 1742961630.1723006, "_runtime": 2354.9865896701813, "_step": 0}