{"_runtime":48.641620022,"_step":249,"_wandb":{"runtime":48},"Averaged test accuracy":76.70682730923694,"_timestamp":1.7435142448038218e+09}