{"_runtime":134.354103399,"_step":717,"_wandb":{"runtime":134},"Averaged test accuracy":59.41422594142259,"_timestamp":1.7436507904536066e+09}