{"_step":30000,"R":80.14666666666666,"_wandb":{"runtime":5744},"Averaged test accuracy":80.14666666666666,"_timestamp":1.7435200519244366e+09,"_runtime":5744.161229705}