{"A/negative_cache/class_174/min_entropy":1.7216796875,"A/negative_cache/class_80/max_entropy":3.29296875,"A/negative_cache/class_161/min_entropy":1.609375,"A/negative_cache/class_30/max_entropy":2.19921875,"A/negative_cache/class_49/min_entropy":1.6455078125,"A/negative_cache/class_49/max_entropy":2.87890625,"A/positive_cache/class_28/max_entropy":2.138671875,"A/negative_cache/class_22/min_entropy":1.58984375,"A/positive_cache/class_194/min_entropy":0.15869140625,"A/negative_cache/class_147/min_entropy":1.556640625,"A/positive_cache/class_85/min_entropy":0.1439208984375,"A/positive_cache/class_90/max_entropy":0.6259765625,"A/positive_cache/class_33/max_entropy":1.2626953125,"A/positive_cache/class_16/min_entropy":0.199951171875,"_runtime":1327.097761625,"A/negative_cache/class_10/min_entropy":1.5751953125,"A/negative_cache/class_109/max_entropy":3.271484375,"A/negative_cache/class_199/min_entropy":1.5986328125,"A/positive_cache/class_33/min_entropy":0.01288604736328125,"A/negative_cache/class_187/min_entropy":1.611328125,"A/positive_cache/class_14/max_entropy":0.8076171875,"A/negative_cache/class_56/max_entropy":2.455078125,"A/negative_cache/class_64/min_entropy":1.5556640625,"A/positive_cache/class_189/min_entropy":0.2373046875,"A/positive_cache/class_173/min_entropy":0.0183563232421875,"A/negative_cache/class_30/min_entropy":1.5400390625,"A/negative_cache/class_158/min_entropy":1.7001953125,"A/positive_cache/class_173/max_entropy":1.3818359375,"A/positive_cache/class_5/max_entropy":0.11419677734375,"A/negative_cache/class_199/max_entropy":2.96875,"A/positive_cache/class_16/max_entropy":1.7939453125,"A/negative_cache/class_187/max_entropy":2.2265625,"A/positive_cache/class_85/max_entropy":1.4658203125,"A/positive_cache/class_29/min_entropy":0.103271484375,"A/negative_cache/class_81/max_entropy":2.091796875,"A/positive_cache/class_147/min_entropy":0.158447265625,"A/negative_cache/class_194/min_entropy":1.5947265625,"A/negative_cache/class_28/min_entropy":1.55859375,"A/positive_cache/class_29/max_entropy":0.884765625,"A/positive_cache/class_183/max_entropy":1.3076171875,"A/positive_cache/class_81/min_entropy":0.0233154296875,"A/negative_cache/class_174/max_entropy":2.212890625,"A/positive_cache/class_57/max_entropy":1.666015625,"A/positive_cache/class_183/min_entropy":0.072265625,"A/positive_cache/class_60/min_entropy":0.01342010498046875,"A/negative_cache/class_88/max_entropy":2.91796875,"A/negative_cache/class_10/max_entropy":1.8447265625,"A/negative_cache/cumulative_replaces":404,"A/negative_cache/class_28/max_entropy":2.478515625,"A/negative_cache/class_56/min_entropy":1.5439453125,"A/negative_cache/class_161/max_entropy":3.1328125,"A/positive_cache/class_79/min_entropy":0.022613525390625,"A/positive_cache/class_66/min_entropy":0.0311737060546875,"A/negative_cache/class_194/max_entropy":2.7890625,"Averaged test accuracy":60.7257359370446,"A/positive_cache/class_14/min_entropy":0.00879669189453125,"A/positive_cache/class_90/min_entropy":0.06671142578125,"A/positive_cache/class_154/min_entropy":0.10015869140625,"A/positive_cache/class_189/max_entropy":2.58203125,"A":60.7257359370446,"A/positive_cache/class_154/max_entropy":2.072265625,"_step":6862,"A/positive_cache/class_147/max_entropy":1.607421875,"A/negative_cache/class_80/min_entropy":1.6220703125,"A/negative_cache/class_64/max_entropy":1.927734375,"A/negative_cache/class_185/min_entropy":1.9609375,"A/negative_cache/class_147/max_entropy":1.607421875,"A/negative_cache/class_158/max_entropy":3.533203125,"A/positive_cache/class_192/max_entropy":1.5166015625,"A/negative_cache/class_65/min_entropy":1.6064453125,"A/negative_cache/class_65/max_entropy":3.033203125,"A/positive_cache/class_79/max_entropy":1.498046875,"A/positive_cache/class_66/max_entropy":1.1064453125,"A/negative_cache/class_22/max_entropy":2.583984375,"A/negative_cache/class_109/min_entropy":1.5439453125,"A/positive_cache/class_60/max_entropy":2.357421875,"A/positive_cache/class_194/max_entropy":2.7890625,"_timestamp":1.7430650450053484e+09,"A/positive_cache/cumulative_replaces":1187,"A/positive_cache/class_192/min_entropy":0.1612548828125,"A/negative_cache/class_81/min_entropy":1.6357421875,"A/positive_cache/class_28/min_entropy":0.0582275390625,"_wandb":{"runtime":1327},"A/positive_cache/class_81/max_entropy":2.6640625,"A/positive_cache/class_5/min_entropy":0.01149749755859375,"A/positive_cache/class_57/min_entropy":0.052459716796875,"A/negative_cache/class_185/max_entropy":3.365234375,"A/negative_cache/class_88/min_entropy":1.69921875}