{"_wandb":{"runtime":1263},"_timestamp":1.743513983558307e+09,"_runtime":1263.935335113,"_step":6862,"Averaged test accuracy":59.851355290002914,"A":59.851355290002914}