{"pos_similarity_threshold":0.939031228570713,"_runtime":10126.843524001,"neg_beta":1.9036455156717127,"pos_shot_capacity":9,"entropy_lower":0.07117150601181615,"_step":7,"pos_alpha":0.5342237098029524,"_wandb":{"runtime":10126},"neg_similarity_threshold":0.6061064513016875,"_timestamp":1.7430850308270423e+09,"mask_lower":0.08635844549144325,"entropy_upper":0.8818202212899227,"neg_alpha":0.09135623358525158,"pos_beta":4.908188046445967,"mask_upper":0.9463517827276852,"accuracy":59.83678227921889,"trial":7,"neg_shot_capacity":10}