{"Averaged test accuracy":69.458,"_timestamp":1.7436117471958086e+09,"_runtime":909.017572155,"_step":50000,"I":69.458,"_wandb":{"runtime":909}}