{"Averaged test accuracy":62.585034013605444,"_timestamp":1.7436118333411682e+09,"_runtime":80.409805954,"_step":441,"_wandb":{"runtime":80}}