{"_wandb":{"runtime":1234},"Averaged test accuracy":59.851355290002914,"_timestamp":1.7435126543304195e+09,"_runtime":1234.470043549,"_step":6862,"A":59.851355290002914}