{"_timestamp":1.7435871429892879e+09,"_runtime":82.129977767,"_step":5382,"_wandb":{"runtime":82},"Averaged test accuracy":68.91490152359718}