{"trial": 6, "similarity_threshold": 0.5608069284203093, "pos_shot_capacity": 3, "pos_alpha": 1.1001332000972057, "pos_beta": 7.0141996227942025, "neg_shot_capacity": 10, "neg_alpha": 0.5362668876434322, "neg_beta": 1.2741403942205782, "entropy_lower": 0.22517580017896444, "entropy_upper": 0.5601654389344366, "mask_lower": 0.0666351033731513, "mask_upper": 0.6525200611370277, "accuracy": 50.233168172544445, "_timestamp": 1742905938.5793564, "_runtime": 10898.915176391602, "_step": 6}